{
"1":{"name": "钻石", "desc":"钻石", "icon":"", "quality":1},
"2":{"name": "金币", "desc":"金币", "icon":"", "quality":1},
"3":{"name": "经验", "desc":"经验", "icon":"", "quality":1},
"100":{"name": "低级石头", "desc":"低级石头", "icon":"", "quality":1},
"101":{"name": "绿色石头", "desc":"绿色石头", "icon":"", "quality":2},
"102":{"name": "蓝色石头", "desc":"蓝色石头", "icon":"", "quality":3},
"103":{"name": "紫色石头", "desc":"紫色石头", "icon":"", "quality":4},
"104":{"name": "金色石头", "desc":"金色石头", "icon":"", "quality":5},
"1000":{"name": "一级蓝色碎片", "desc":"一级蓝色碎片", "icon":"", "quality":2},
"1001":{"name": "一级紫色碎片", "desc":"一级紫色碎片", "icon":"", "quality":4},
"2000":{"name": "二级蓝色碎片", "desc":"二级金色碎片", "icon":"", "quality":3},
"2001":{"name": "二级金色碎片", "desc":"二级金色碎片", "icon":"", "quality":5}
}
